<?xml version = "1.0" encoding = "UTF-8" ?>
<menu>
    <section name="Drinks">
        <entry>
            <item>Coke</item>
            <price>2.50</price>
        </entry>
        <entry>
            <item>Vodka</item>
            <price>15</price>
        </entry>
        <entry vegetarian="true">
            <item>Kombucha</item>
            <price>2.0</price>
        </entry>
    </section>
    <section name="Side Dishes">
        <entry>
            <item>Potato Salad</item>
            <price>4.95</price>
        </entry>
        <entry>
            <item>Chips</item>
            <price>4.50</price>
        </entry>
        <entry vegetarian="true">
            <item>Rice</item>
            <price>4.0</price>
        </entry>
    </section>
    <section name="Breakfast">
        <entry>
            <item>Eggs Benedict</item>
            <price>12.99</price>
        </entry>
        <entry>
            <item>Pouched Eggs</item>
            <price>8</price>
        </entry>
        <entry vegetarian="true">
            <item>French Toast</item>
            <price>10</price>
        </entry>
    </section>
    <section name="Lunch">
        <entry>
            <item>Grilled Chicken Sandwich</item>
            <price>7.50</price>
        </entry>
        <entry>
            <item>Soup of the Day</item>
            <price>6</price>
        </entry>
        <entry vegetarian="true">
            <item>Falafel</item>
            <price>10</price>
        </entry>
    </section>
    <section name="Dinner">
        <entry>
            <item>Ribeye Steak</item>
            <price>19.99</price>
        </entry>
        <entry>
            <item>Sushi</item>
            <price>15</price>
        </entry>
        <entry vegetarian="true">
            <item>Shakshuka</item>
            <price>15</price>
        </entry>
    </section>
</menu>